"nama","genre","asal"
"Acha Septriasa","http://id.dbpedia.org/resource/Pop","Jakarta,"
"Acha Septriasa","http://id.dbpedia.org/resource/Soundtrack","Jakarta,"
"Agnes Monica","http://id.dbpedia.org/resource/R&B","Jakarta, Indonesia"
"Agnes Monica","http://id.dbpedia.org/resource/Pop","Jakarta, Indonesia"
"Ahmad Albar","http://id.dbpedia.org/resource/Pop","Surabaya,Indonesia"
"Ahmad Albar","http://id.dbpedia.org/resource/Rock","Surabaya,Indonesia"
"Andi Meriem Matalatta","http://id.dbpedia.org/resource/Pop","Makassar, Sulawesi Selatan, Indonesia"
"Anneke Grönloh","http://id.dbpedia.org/resource/Big_band","Tondano, Sulawesi Utara, Indonesia"
"Anneke Grönloh","http://id.dbpedia.org/resource/Pop","Tondano, Sulawesi Utara, Indonesia"
"Anneke Grönloh","http://id.dbpedia.org/resource/Etnik","Tondano, Sulawesi Utara, Indonesia"
"Anneke Grönloh","http://id.dbpedia.org/resource/Folk","Tondano, Sulawesi Utara, Indonesia"
"A. Rafiq","http://id.dbpedia.org/resource/Dangdut","Semarang, Jawa Tengah, Indonesia"
"Ari Lasso","http://id.dbpedia.org/resource/Pop_rock","Madiun, Indonesia"
"Ari Lasso","http://id.dbpedia.org/resource/Pop","Madiun, Indonesia"
"Benyamin Sueb","http://id.dbpedia.org/resource/Gambang_Kromong","Kemayoran, Jakarta, Hindia Belanda"
"Benyamin Sueb","Pop","Kemayoran, Jakarta, Hindia Belanda"
"Berlian Hutauruk","http://id.dbpedia.org/resource/Pop","Indonesia"
"Berlian Hutauruk","http://id.dbpedia.org/resource/Gospel","Indonesia"
"Bing Slamet","Pop, Pop Melayu","Cilegon, Indonesia"
"Bisma Karisma","http://id.dbpedia.org/resource/Pop","http://id.dbpedia.org/resource/Jawa_Barat"
"Bisma Karisma","http://id.dbpedia.org/resource/Pop","http://id.dbpedia.org/resource/Indonesia"
"Bisma Karisma","http://id.dbpedia.org/resource/Pop","http://id.dbpedia.org/resource/Bandung"
"Broery Marantika","http://id.dbpedia.org/resource/Blues","Ambon, Indonesia"
"Broery Marantika","http://id.dbpedia.org/resource/Jazz","Ambon, Indonesia"
"Bunga Citra Lestari","http://id.dbpedia.org/resource/Country","Jakarta, Indonesia"
"Bunga Citra Lestari","http://id.dbpedia.org/resource/Pop","Jakarta, Indonesia"
"Chrisye","http://id.dbpedia.org/resource/Pop","Jakarta, Indonesia"
"Chrisye","http://id.dbpedia.org/resource/Progressive_Rock","Jakarta, Indonesia"
"Cinta Laura","http://id.dbpedia.org/resource/R&B","Quakenbrück, Jerman"
"Cinta Laura","http://id.dbpedia.org/resource/Electropop","Quakenbrück, Jerman"
"Cinta Laura","http://id.dbpedia.org/resource/Pop","Quakenbrück, Jerman"
"Cinta Laura","http://id.dbpedia.org/resource/Dance","Quakenbrück, Jerman"
"Dewi Lestari","http://id.dbpedia.org/resource/Pop","Bandung, Jawa Barat, Indonesia"
"Dewi Perssik","http://id.dbpedia.org/resource/Dangdut","Jember, Jawa Timur, Indonesia"
"Dewiq","http://id.dbpedia.org/resource/Pop","Ujungpandang, Sulawesi Selatan, Indonesia"
"Dewiq","http://id.dbpedia.org/resource/Rock","Ujungpandang, Sulawesi Selatan, Indonesia"
"Dewi Sandra","http://id.dbpedia.org/resource/Jazz","Brasil"
"Dewi Sandra","http://id.dbpedia.org/resource/R&B","Brasil"
"Dewi Sandra","http://id.dbpedia.org/resource/Pop","Brasil"
"Dewi Sandra","http://id.dbpedia.org/resource/Dance","Brasil"
"Dira Sugandi","http://id.dbpedia.org/resource/Jazz","Bandung, Jawa Barat, Indonesia"
"Elvy Sukaesih","http://id.dbpedia.org/resource/Dangdut","Jakarta, DKI Jakarta, Indonesia"
"Gesang","http://id.dbpedia.org/resource/Keroncong","Surakarta, Kasunanan Surakarta, Hindia Belanda"
"Gita Gutawa","http://id.dbpedia.org/resource/Pop","Jakarta, DKI Jakarta, Indonesia"
"Gita Gutawa","http://id.dbpedia.org/resource/Klasik","Jakarta, DKI Jakarta, Indonesia"
"Inul Daratista","http://id.dbpedia.org/resource/Dangdut","http://id.dbpedia.org/resource/Jawa_Timur"
"Inul Daratista","http://id.dbpedia.org/resource/Dangdut","http://id.dbpedia.org/resource/Indonesia"
"Inul Daratista","http://id.dbpedia.org/resource/Dangdut","http://id.dbpedia.org/resource/Pasuruan"
"Iwa-K","http://id.dbpedia.org/resource/Rap","Bandung, Jawa Barat, Indonesia"
"Julia Perez","http://id.dbpedia.org/resource/Dangdut","Jakarta, Indonesia"
"Lala Karmela","http://id.dbpedia.org/resource/Pop","Bandung, Jawa Barat, Indonesia"
"Mbah Surip","http://id.dbpedia.org/resource/Reggae","Mojokerto, Jawa Timur, Indonesia"
"Mbah Surip","http://id.dbpedia.org/resource/Pop","Mojokerto, Jawa Timur, Indonesia"
"Morgan Oey","http://id.dbpedia.org/resource/Pop","http://id.dbpedia.org/resource/Kota_Singkawang"
"Morgan Oey","http://id.dbpedia.org/resource/Pop","http://id.dbpedia.org/resource/Kalimantan_Barat"
"Morgan Oey","http://id.dbpedia.org/resource/Pop","http://id.dbpedia.org/resource/Indonesia"
"Nicky Astria","http://id.dbpedia.org/resource/Rock","Bandung,Indonesia"
"Nicky Astria","http://id.dbpedia.org/resource/Musik_Pop","Bandung,Indonesia"
"Nike Ardilla","http://id.dbpedia.org/resource/Blues","Bandung, Indonesia"
"Nike Ardilla","http://id.dbpedia.org/resource/Rock","Bandung, Indonesia"
"Nike Ardilla","http://id.dbpedia.org/resource/Metal","Bandung, Indonesia"
"Rafael Landry Tanubrata","http://id.dbpedia.org/resource/Pop","http://id.dbpedia.org/resource/Jawa_Barat"
"Rafael Landry Tanubrata","http://id.dbpedia.org/resource/Pop","http://id.dbpedia.org/resource/Kota_Garut"
"Rhoma Irama","http://id.dbpedia.org/resource/Dangdut","Tasikmalaya, Indonesia"
"Rini Wulandari","http://id.dbpedia.org/resource/R&B","Kota Medan, Sumatera Utara, Indonesia"
"Rini Wulandari","http://id.dbpedia.org/resource/Pop","Kota Medan, Sumatera Utara, Indonesia"
"Rossa","http://id.dbpedia.org/resource/Pop","Sumedang, Indonesia"
"Ruth Sahanaya","http://id.dbpedia.org/resource/Pop","Bandung, Indonesia"
"Sandhy Sondoro","http://id.dbpedia.org/resource/Blues","http://id.dbpedia.org/resource/Indonesia"
"Sandhy Sondoro","http://id.dbpedia.org/resource/Blues","http://id.dbpedia.org/resource/Jakarta"
"Sandhy Sondoro","http://id.dbpedia.org/resource/Soul","http://id.dbpedia.org/resource/Indonesia"
"Sandhy Sondoro","http://id.dbpedia.org/resource/Soul","http://id.dbpedia.org/resource/Jakarta"
"Sandhy Sondoro","MusikAkustik","http://id.dbpedia.org/resource/Indonesia"
"Sandhy Sondoro","MusikAkustik","http://id.dbpedia.org/resource/Jakarta"
"Sherina Munaf","http://id.dbpedia.org/resource/Pop","Bandung, Jawa Barat, Indonesia"
"Sherina Munaf","http://id.dbpedia.org/resource/Rock","Bandung, Jawa Barat, Indonesia"
"Tantowi Yahya","http://id.dbpedia.org/resource/Musik_country","Palembang, Sumatera Selatan, Indonesia"
"Titi Dwijayati","Pop","Indonesia"
"Tonny Koeswoyo","http://id.dbpedia.org/resource/Rock","Tuban, Indonesia"
"Waldjinah","http://id.dbpedia.org/resource/Keroncong","Solo, Indonesia"
"Yuni Shara","http://id.dbpedia.org/resource/Balada","Malang, Jawa Timur, Indonesia"
"Yuni Shara","http://id.dbpedia.org/resource/Pop","Malang, Jawa Timur, Indonesia"
"Yon Koeswoyo","http://id.dbpedia.org/resource/Rock","Tuban, Indonesia"
"Emilia Contessa","http://id.dbpedia.org/resource/Pop","Banyuwangi, Jawa Timur, Indonesia"
"Dewi Yull","http://id.dbpedia.org/resource/Keroncong","Cirebon, Indonesia"
"Dewi Yull","http://id.dbpedia.org/resource/Pop","Cirebon, Indonesia"
"Audy Item","http://id.dbpedia.org/resource/Pop_rock","Jakarta, DKI Jakarta, Indonesia"
"Audy Item","http://id.dbpedia.org/resource/Pop","Jakarta, DKI Jakarta, Indonesia"
"Theresia Ebenna Ezeria Pardede","Pop","Jakarta, Indonesia"
"Delon Thamrin","http://id.dbpedia.org/resource/Blues","Jakarta, Indonesia"
"Delon Thamrin","http://id.dbpedia.org/resource/Jazz","Jakarta, Indonesia"
"Euis Darliah","http://id.dbpedia.org/resource/Dangdut","Cimahi,  Indonesia"
"Euis Darliah","http://id.dbpedia.org/resource/Jazz","Cimahi,  Indonesia"
"Euis Darliah","http://id.dbpedia.org/resource/Rock","Cimahi,  Indonesia"
"Alda Risma","http://id.dbpedia.org/resource/Blues","Bogor, Indonesia"
"Alda Risma","http://id.dbpedia.org/resource/Jazz","Bogor, Indonesia"
"Enno Lerian","http://id.dbpedia.org/resource/Pop","Lampung, Bandar Lampung, Indonesia"
"Denada","http://id.dbpedia.org/resource/Dangdut","Jakarta, DKI Jakarta, Indonesia"
"Denada","http://id.dbpedia.org/resource/Rap","Jakarta, DKI Jakarta, Indonesia"
"Denada","http://id.dbpedia.org/resource/R&B","Jakarta, DKI Jakarta, Indonesia"
"Denada","http://id.dbpedia.org/resource/Pop","Jakarta, DKI Jakarta, Indonesia"
"Karis Alika Islamadina","http://id.dbpedia.org/resource/R&B_kontemporer","Sydney, Australia"
"Karis Alika Islamadina","http://id.dbpedia.org/resource/Musik_populer","Sydney, Australia"
"Karis Alika Islamadina","http://id.dbpedia.org/resource/Dance","Sydney, Australia"
"Melly Manuhutu","http://id.dbpedia.org/resource/R&B_kontemporer","Jakarta, Indonesia"
"Melly Manuhutu","http://id.dbpedia.org/resource/Pop","Jakarta, Indonesia"
"Anna Mathovani","http://id.dbpedia.org/resource/Balada","Bandung, Jawa Barat, Indonesia"
"Anna Mathovani","http://id.dbpedia.org/resource/Pop","Bandung, Jawa Barat, Indonesia"
"Ari Wibowo","Pop","Berlin, Jerman"
"Tina Toon","http://id.dbpedia.org/resource/Pop","Jakarta, Indonesia"
"Novia Kolopaking","pop","Indonesia"
"Alyssa Soebandono","http://id.dbpedia.org/resource/Pop","Jakarta, Indonesia"
"Vincent Ryan Rompies","Pop, Rock","Jakarta, Indonesia"
"David Bayu Danangjaya","http://id.dbpedia.org/resource/Pop","Indonesia"
"Andien","http://id.dbpedia.org/resource/Jazz","Jakarta, DKI Jakarta, Indonesia"
"Chintami Atmanagara","http://id.dbpedia.org/resource/Pop","Bonn,  Jerman"
"Chintami Atmanagara","http://id.dbpedia.org/resource/Latin","Bonn,  Jerman"
"Sundari Soekotjo","http://id.dbpedia.org/resource/Campursari","Jakarta,DKI Jakarta,Indonesia"
"Sundari Soekotjo","http://id.dbpedia.org/resource/Keroncong","Jakarta,DKI Jakarta,Indonesia"
"Sundari Soekotjo","http://id.dbpedia.org/resource/Pop","Jakarta,DKI Jakarta,Indonesia"
"Sundari Soekotjo","http://id.dbpedia.org/resource/Pop_Jawa","Jakarta,DKI Jakarta,Indonesia"
"Sundari Soekotjo","http://id.dbpedia.org/resource/Pop_keroncong","Jakarta,DKI Jakarta,Indonesia"
"Cindy Claudia Harahap","http://id.dbpedia.org/resource/Pop","Jakarta, DKI Jakarta, Indonesia"
"Atiek CB","http://id.dbpedia.org/resource/Pop","Kediri, Jawa Timur, Indonesia"
"Poppy Mercury","http://id.dbpedia.org/resource/Slow_rock","Bandung, Indonesia"
"Harvey Malaihollo","Pop","Jakarta, Indonesia"
"Ardina Rasti","http://id.dbpedia.org/resource/Pop","Jakarta, Indonesia"
"Ardina Rasti","http://id.dbpedia.org/resource/Dance_pop","Jakarta, Indonesia"
"Christine Panjaitan","http://id.dbpedia.org/resource/Pop","Indonesia"
"Dina Mariana","http://id.dbpedia.org/resource/Jazz","Jakarta, DKI Jakarta, Indonesia"
"Dina Mariana","http://id.dbpedia.org/resource/Pop","Jakarta, DKI Jakarta, Indonesia"
"Firman Siagian","http://id.dbpedia.org/resource/Rock","Balige, Toba Samosir, Indonesia"
"Firman Siagian","http://id.dbpedia.org/resource/Musik_Pop","Balige, Toba Samosir, Indonesia"
"Desy Ratnasari","http://id.dbpedia.org/resource/Pop","Sukabumi, Jawa Barat, Indonesia"
"Ressa Herlambang","http://id.dbpedia.org/resource/R&B","Jakarta, Indonesia"
"Ayushita","http://id.dbpedia.org/resource/R&B_kontemporer","Jakarta, Indonesia"
"Ayushita","http://id.dbpedia.org/resource/Indie_pop","Jakarta, Indonesia"
"Ayushita","http://id.dbpedia.org/resource/Electropop","Jakarta, Indonesia"
"Ayushita","http://id.dbpedia.org/resource/Musik_soul","Jakarta, Indonesia"
"Ayushita","http://id.dbpedia.org/resource/Pop","Jakarta, Indonesia"
"Ayushita","http://id.dbpedia.org/resource/Hip_hop","Jakarta, Indonesia"
"Ayushita","http://id.dbpedia.org/resource/Dance","Jakarta, Indonesia"
"Donita","http://id.dbpedia.org/resource/Pop","Bandung, Jawa Barat, Indonesia"
"Trie Utami","Pop","Bandung,Indonesia"
"Marcell Siahaan","http://id.dbpedia.org/resource/R&B","Bandung, Indonesia"
"Marcell Siahaan","http://id.dbpedia.org/resource/Pop","Bandung, Indonesia"
"Cindy Fatika Sari","http://id.dbpedia.org/resource/Pop","Malang, Jawa Timur, Indonesia"
"Cindy Fatika Sari","http://id.dbpedia.org/resource/Rock","Malang, Jawa Timur, Indonesia"
"Tasya","http://id.dbpedia.org/resource/Pop","Jakarta, DKI Jakarta, Indonesia"
"Tasya","http://id.dbpedia.org/resource/Teen_pop","Jakarta, DKI Jakarta, Indonesia"
"Reza Artamevia","http://id.dbpedia.org/resource/R&B","Jakarta"
"Reza Artamevia","http://id.dbpedia.org/resource/Pop","Jakarta"
"Inka Christie","Rock","Bali, Indonesia"
"Dewi Gita","http://id.dbpedia.org/resource/Pop","Bandung, Jawa Barat, Indonesia"
"Dewi Gita","http://id.dbpedia.org/resource/Folk","Bandung, Jawa Barat, Indonesia"
"Astrid Sartiasari","http://id.dbpedia.org/resource/Pop","Surabaya, Jawa Timur, Indonesia"
"Andre Taulany","http://id.dbpedia.org/resource/Pop","Jakarta, Indonesia"
"Betharia Sonatha","http://id.dbpedia.org/resource/Pop","Bandung, Jawa Barat, Indonesia"
"Betharia Sonatha","http://id.dbpedia.org/resource/Folk","Bandung, Jawa Barat, Indonesia"
"Betharia Sonatha","http://id.dbpedia.org/resource/Pop_Minang","Bandung, Jawa Barat, Indonesia"
"Betharia Sonatha","http://id.dbpedia.org/resource/Pop_Sunda","Bandung, Jawa Barat, Indonesia"
"Nadia Vega","Pop, R&B, dance-pop, soul, rock","Pekanbaru, Riau, Indonesia"
"Conny Dio","http://id.dbpedia.org/resource/Rock","Cimahi, Indonesia"
"Natasha Chairani","http://id.dbpedia.org/resource/Pop","Menteng, Jakarta Pusat, DKI Jakarta, Indonesia"
"Paquita Widjaya","http://id.dbpedia.org/resource/Pop","Jakarta, DKI Jakarta, Indonesia"
"Paquita Widjaya","http://id.dbpedia.org/resource/Akustik","Jakarta, DKI Jakarta, Indonesia"
"Lilis Suryani","http://id.dbpedia.org/resource/Sunda",", Jakarta"
"Lilis Suryani","http://id.dbpedia.org/resource/Pop",", Jakarta"
"Grace Simon","http://id.dbpedia.org/resource/Jazz","Semarang, Jawa Tengah, Indonesia"
"Grace Simon","http://id.dbpedia.org/resource/Pop","Semarang, Jawa Tengah, Indonesia"
"Arie Koesmiran","http://id.dbpedia.org/resource/Disko","Sidoarjo, Jawa Timur, Indonesia"
"Arie Koesmiran","http://id.dbpedia.org/resource/Reggae","Sidoarjo, Jawa Timur, Indonesia"
"Arie Koesmiran","http://id.dbpedia.org/resource/Pop","Sidoarjo, Jawa Timur, Indonesia"
"Arie Koesmiran","http://id.dbpedia.org/resource/Pop_jawa","Sidoarjo, Jawa Timur, Indonesia"
"Arie Koesmiran","http://id.dbpedia.org/resource/Pop_melayu","Sidoarjo, Jawa Timur, Indonesia"
"Dewi Puspa","http://id.dbpedia.org/resource/Disko","Jakarta, DKI Jakarta, Indonesia"
"Dewi Puspa","http://id.dbpedia.org/resource/Pop","Jakarta, DKI Jakarta, Indonesia"
"Ernie Djohan","http://id.dbpedia.org/resource/Pop","Indonesia"
"Connie Constantia","http://id.dbpedia.org/resource/Pop","Manado, Indonesia"
"Dea Mirella","http://id.dbpedia.org/resource/Pop","Makassar, Sulawesi Selatan, Indonesia"
"Saiful Jamil","http://id.dbpedia.org/resource/Dangdut","Serang, Banten, Indonesia"
"Heidy Diana","http://id.dbpedia.org/resource/Dangdut","Indonesia"
"Heidy Diana","http://id.dbpedia.org/resource/Pop","Indonesia"
"Deasy Arisandi","http://id.dbpedia.org/resource/Pop","Kroya, Indonesia"
"Deasy Arisandi","http://id.dbpedia.org/resource/Gospel","Kroya, Indonesia"
"Deasy Arisandi","http://id.dbpedia.org/resource/Pop_melayu","Kroya, Indonesia"
"Rafika Duri","http://id.dbpedia.org/resource/Pop","Bangka, Bangka Belitung, Indonesia"
"Rafika Duri","http://id.dbpedia.org/resource/Bossanova","Bangka, Bangka Belitung, Indonesia"
"Farid Hardja","Pop","Sukabumi, Indonesia"
"Ervina","http://id.dbpedia.org/resource/Dangdut","Surabaya, Jawa Timur, Indonesia"
"Ervina","http://id.dbpedia.org/resource/Keroncong","Surabaya, Jawa Timur, Indonesia"
"Ervina","http://id.dbpedia.org/resource/Reggae","Surabaya, Jawa Timur, Indonesia"
"Ervina","http://id.dbpedia.org/resource/Pop","Surabaya, Jawa Timur, Indonesia"
"Ervina","http://id.dbpedia.org/resource/Gospel","Surabaya, Jawa Timur, Indonesia"
"Ervina","http://id.dbpedia.org/resource/Disco","Surabaya, Jawa Timur, Indonesia"
"Ervina","http://id.dbpedia.org/resource/Folk","Surabaya, Jawa Timur, Indonesia"
"Dian Piesesha","http://id.dbpedia.org/resource/Keroncong","Bandung, Jawa Barat, Indonesia"
"Dian Piesesha","http://id.dbpedia.org/resource/Pop","Bandung, Jawa Barat, Indonesia"
"Margie Segers","http://id.dbpedia.org/resource/Jazz","Cimahi, Jawa Barat"
"Ratna Listy","http://id.dbpedia.org/resource/Campursari","Madiun, Jawa Timur, Indonesia, Indonesia"
"Ratna Listy","http://id.dbpedia.org/resource/Keroncong","Madiun, Jawa Timur, Indonesia, Indonesia"
"Ratna Listy","http://id.dbpedia.org/resource/Pop","Madiun, Jawa Timur, Indonesia, Indonesia"
"Ratna Listy","http://id.dbpedia.org/resource/Folk","Madiun, Jawa Timur, Indonesia, Indonesia"
"Ratna Listy","http://id.dbpedia.org/resource/Langgam","Madiun, Jawa Timur, Indonesia, Indonesia"
"Cantika Felder","http://id.dbpedia.org/resource/R&B","Jakarta, Indonesia"
"Cantika Felder","http://id.dbpedia.org/resource/Dance-pop","Jakarta, Indonesia"
"Cantika Felder","http://id.dbpedia.org/resource/Pop","Jakarta, Indonesia"
"Ronny Sianturi","http://id.dbpedia.org/resource/Pop","Makassar, Indonesia"
"Cindy Bernadette","http://id.dbpedia.org/resource/Jazz","Bandung, Jawa Barat, Indonesia"
"Cindy Bernadette","http://id.dbpedia.org/resource/R&B","Bandung, Jawa Barat, Indonesia"
"Cindy Bernadette","http://id.dbpedia.org/resource/Pop","Bandung, Jawa Barat, Indonesia"
"Andity","http://id.dbpedia.org/resource/Jazz","Jakarta, DKI Jakarta, Indonesia"
"Andity","http://id.dbpedia.org/resource/R&B","Jakarta, DKI Jakarta, Indonesia"
"Andity","http://id.dbpedia.org/resource/Dance-pop","Jakarta, DKI Jakarta, Indonesia"
"Andity","http://id.dbpedia.org/resource/Pop","Jakarta, DKI Jakarta, Indonesia"
"Mey Chan","http://id.dbpedia.org/resource/Pop","Malang, Jawa Timur, Indonesia"
"Mey Chan","http://id.dbpedia.org/resource/Rock","Malang, Jawa Timur, Indonesia"
"Alena","http://id.dbpedia.org/resource/Pop","Malang, Indonesia"
"Alena","http://id.dbpedia.org/resource/Pop_mandarin","Malang, Indonesia"
"Purie Andriani","http://id.dbpedia.org/resource/Pop","Sukabumi, Indonesia"
"Purie Andriani","http://id.dbpedia.org/resource/Rock","Sukabumi, Indonesia"
"Inna Kamarie","http://id.dbpedia.org/resource/Jazz","Jakarta, Indonesia"
"Inna Kamarie","http://id.dbpedia.org/resource/Pop","Jakarta, Indonesia"
"Tata Janeeta","http://id.dbpedia.org/resource/Rock","Bandung, Indonesia"
"Tata Janeeta","http://id.dbpedia.org/resource/Musik_Pop","Bandung, Indonesia"
"Imaniar","http://id.dbpedia.org/resource/R&B","Jakarta,Indonesia"
"Gitalis Dwi Natarina","http://id.dbpedia.org/resource/Nasyid","Garut, Jawa Barat, Indonesia"
"Gitalis Dwi Natarina","http://id.dbpedia.org/resource/Dangdut","Garut, Jawa Barat, Indonesia"
"Diana Papilaya","http://id.dbpedia.org/resource/Reggae","Indonesia"
"Diana Papilaya","http://id.dbpedia.org/resource/Pop","Indonesia"
"Endang S. Taurina","http://id.dbpedia.org/resource/Pop","Indonesia"
"Lydia Natalia","http://id.dbpedia.org/resource/Pop","Jakarta, DKI Jakarta, Indonesia"
"Lisa A. Riyanto","Pop","Jakarta,Indonesia"
"Nola Tilaar","http://id.dbpedia.org/resource/Jazz","Minahasa,Indonesia"
"Nola Tilaar","http://id.dbpedia.org/resource/Reggae","Minahasa,Indonesia"
"Nola Tilaar","http://id.dbpedia.org/resource/Swing","Minahasa,Indonesia"
"Nola Tilaar","http://id.dbpedia.org/resource/Pop","Minahasa,Indonesia"
"Tia","Pop","Surakarta, Indonesia"
"Aura Kasih","http://id.dbpedia.org/resource/Pop","Jakarta, DKI Jakarta, Indonesia"
"Prisa Rianzi","http://id.dbpedia.org/resource/Pop_rock","Indonesia"
"Prisa Rianzi","http://id.dbpedia.org/resource/Musik_pop","Indonesia"
"Prisa Rianzi","http://id.dbpedia.org/resource/Musik_metal","Indonesia"
"Sawung Jabo","http://id.dbpedia.org/resource/Balada","Surabaya, Jawa Timur, Indonesia"
"Sawung Jabo","http://id.dbpedia.org/resource/Pop","Surabaya, Jawa Timur, Indonesia"
"Sawung Jabo","http://id.dbpedia.org/resource/Rock","Surabaya, Jawa Timur, Indonesia"
"Yacko","http://id.dbpedia.org/resource/Rap","Surabaya, Jawa Timur"
"Yacko","http://id.dbpedia.org/resource/Hip_hop","Surabaya, Jawa Timur"
"Yacko","http://id.dbpedia.org/resource/Trance","Surabaya, Jawa Timur"
"Saskia","http://id.dbpedia.org/resource/Pop","Jakarta, Indonesia"
"Saskia","http://id.dbpedia.org/resource/Rock","Jakarta, Indonesia"
"Feby Febiola","http://id.dbpedia.org/resource/Pop","Jakarta, DKI Jakarta, Indonesia"
"Feby Febiola","http://id.dbpedia.org/resource/Gospel","Jakarta, DKI Jakarta, Indonesia"
"Ellya Khadam","http://id.dbpedia.org/resource/Dangdut","Jakarta, DKI Jakarta, Indonesia"
"Ellya Khadam","http://id.dbpedia.org/resource/Pop_melayu","Jakarta, DKI Jakarta, Indonesia"
"Ika Putri","http://id.dbpedia.org/resource/Pop","Surabaya, Jawa Timur, Indonesia"
"Elizabeth Priscillia","http://id.dbpedia.org/resource/Pop","Surabaya, Indonesia"
"Ecky Lamoh","http://id.dbpedia.org/resource/Blues","Jakarta, DIY Jakarta, Indonesia"
"Ecky Lamoh","http://id.dbpedia.org/resource/Hard_Rock","Jakarta, DIY Jakarta, Indonesia"
"Eren","http://id.dbpedia.org/resource/Pop","Lampung, Bandar Lampung, Indonesia"
"Gretha Martini","http://id.dbpedia.org/resource/Pop","Medan, Indonesia"
"Gretha Martini","http://id.dbpedia.org/resource/Gospel","Medan, Indonesia"
"Gretha Martini","http://id.dbpedia.org/resource/Folk","Medan, Indonesia"
"Fitria Anggraeni","http://id.dbpedia.org/resource/Pop","Jakarta, Indonesia"
"Fitria Anggraeni","http://id.dbpedia.org/resource/Rock","Jakarta, Indonesia"
"Erna Libby","Pop","Jakarta, Indonesia"
"Chiquita Meidy","http://id.dbpedia.org/resource/Pop","Jakarta, Indonesia"
"Bram Moersas","Pop","Malang, Jawa Timur, Indonesia"
"Intan RJ","http://id.dbpedia.org/resource/Power_pop","Jakarta, Indonesia"
"Intan RJ","http://id.dbpedia.org/resource/Rock","Jakarta, Indonesia"
"Yosie Lucky","http://id.dbpedia.org/resource/Rock","Bandung, Jawa Barat, Indonesia"
"Fenny Dior","http://id.dbpedia.org/resource/Pop","Semarang, Jawa Tengah, Indonesia"
"Nindy Ayunda","Pop, Teen Pop","Padang, Sumatera Barat, Indonesia"
"Anie Carera","http://id.dbpedia.org/resource/Pop","Madiun, Indonesia"
"Anie Carera","http://id.dbpedia.org/resource/Rock","Madiun, Indonesia"
"Mikha Tambayong","http://id.dbpedia.org/resource/Musik_pop","Jakarta,"
"Mikha Tambayong","http://id.dbpedia.org/resource/Gospel","Jakarta,"
"Fanny Bauty","http://id.dbpedia.org/resource/Pop","Indonesia"
"Andy Liany","RockMetal","Tanjungpinang, Kepulauan Riau, Indonesia"
"Dara Rizki Ruhiana","Rocl","Tasikmalaya, Indonesia"
"Jusup Sitepu","http://id.dbpedia.org/resource/Pop","Karo, Sumatera Utara, Indonesia"
"Monita Tahalea","Pop, Jazz","Indonesia"
"Aliya Sachi","http://id.dbpedia.org/resource/Pop","Indonesia"
"Yunika","Modern Pop Progesive","Bandung, Indonesia"
"Ritta Rubby Hartland","http://id.dbpedia.org/resource/Country","Indonesia"
"Ritta Rubby Hartland","http://id.dbpedia.org/resource/Pop","Indonesia"
"Ritta Rubby Hartland","http://id.dbpedia.org/resource/Country_pop","Indonesia"
"Bashiira","http://id.dbpedia.org/resource/Pop","Minneapolis , Minnesota"
"Fryda","http://id.dbpedia.org/resource/Pop","Semarang, Jawa Tengah, Indonesia"
"Mytha Lestari","http://id.dbpedia.org/resource/Jazz","Biak, Indonesia"
"Mytha Lestari","http://id.dbpedia.org/resource/Pop","Biak, Indonesia"
"Nunung Wardiman","Jazz","Surabaya, Indonesia"
"Erie Suzan","http://id.dbpedia.org/resource/R&B_kontemporer","Lamongan, East Java, Indonesia"
"Erie Suzan","http://id.dbpedia.org/resource/Dangdut","Lamongan, East Java, Indonesia"
"Erie Suzan","http://id.dbpedia.org/resource/Musik_rock","Lamongan, East Java, Indonesia"
"Erie Suzan","http://id.dbpedia.org/resource/Pop","Lamongan, East Java, Indonesia"
"Renny Djajoesman","http://id.dbpedia.org/resource/Rock","Semarang, Indonesia"
"Tuti Maryati","keroncong, langgam Sunda, pop, bossas","Makassar,Indonesia"
"Ine Sinthya","http://id.dbpedia.org/resource/Dangdut","Cianjur, Jawa Barat, Indonesia"
"Bonita","http://id.dbpedia.org/resource/Jazz","Jakarta, DKI Jakarta, Indonesia"
"Bonita","http://id.dbpedia.org/resource/Pop","Jakarta, DKI Jakarta, Indonesia"
"Lala Suwages","http://id.dbpedia.org/resource/Jazz","Jayapura,Indonesia"
"Lala Suwages","http://id.dbpedia.org/resource/R&B","Jayapura,Indonesia"
"Lala Suwages","http://id.dbpedia.org/resource/Soul","Jayapura,Indonesia"
"Ucie Nurul","http://id.dbpedia.org/resource/Jazz","Jakarta, DKI Jakarta, Indonesia"
"Ucie Nurul","http://id.dbpedia.org/resource/Pop","Jakarta, DKI Jakarta, Indonesia"
"Eka Deli","http://id.dbpedia.org/resource/Dangdut","Surabaya, Jawa Timur, Indonesia"
"Eka Deli","http://id.dbpedia.org/resource/Jazz","Surabaya, Jawa Timur, Indonesia"
"Eka Deli","http://id.dbpedia.org/resource/R&B","Surabaya, Jawa Timur, Indonesia"
"Eka Deli","http://id.dbpedia.org/resource/Pop","Surabaya, Jawa Timur, Indonesia"
"Eka Deli","http://id.dbpedia.org/resource/Gospel","Surabaya, Jawa Timur, Indonesia"
"Inke Prima","http://id.dbpedia.org/resource/Jazz","Magelang, Indonesia"
"Inke Prima","http://id.dbpedia.org/resource/R&B","Magelang, Indonesia"
"Inke Prima","http://id.dbpedia.org/resource/Pop","Magelang, Indonesia"
"Inke Prima","http://id.dbpedia.org/resource/Pop_kontemporer","Magelang, Indonesia"
"Dike Ardilla","http://id.dbpedia.org/resource/Pop","Bandung, Jawa Barat, Indonesia"
"Dike Ardilla","http://id.dbpedia.org/resource/Rock","Bandung, Jawa Barat, Indonesia"
"Dike Ardilla","http://id.dbpedia.org/resource/Slow_rock","Bandung, Jawa Barat, Indonesia"
"Asti Asmodiwati","http://id.dbpedia.org/resource/Pop","Jakarta, Indonesia"
"Lucky Resha","http://id.dbpedia.org/resource/Pop","Bandung, Jawa Barat, Indonesia"
"Terry","http://id.dbpedia.org/resource/Pop","Jakarta, Indonesia"
"Joeniar Arief","http://id.dbpedia.org/resource/Jazz","Kota Bandung, Indonesia"
"Joeniar Arief","http://id.dbpedia.org/resource/R&B","Kota Bandung, Indonesia"
"Joeniar Arief","http://id.dbpedia.org/resource/Soul","Kota Bandung, Indonesia"
"Putri Ayu Silaen","http://id.dbpedia.org/resource/Pop","Kota Sibolga, Indonesia"
"Putri Ayu Silaen","http://id.dbpedia.org/resource/Seriosa","Kota Sibolga, Indonesia"
"Ashanty","http://id.dbpedia.org/resource/Pop","Jakarta,"
"Andre Hehanussa","http://id.dbpedia.org/resource/Pop","Ujungpandang, Sulawesi Selatan, Indonesia"
"Andre Hehanussa","http://id.dbpedia.org/resource/Gospel","Ujungpandang, Sulawesi Selatan, Indonesia"
"Elly Kasim","http://id.dbpedia.org/resource/Folk","Tanjung Mutiara, Kabupaten Agam, Sumatera Barat, Masa Pendudukan Jepang, Indonesia"
"Rio Silaen","pop, R&B, jazz, broadway, funk","Indonesia"
"Herty Sitorus","pop, dangdut, folk","Indonesia"
"Nada Soraya","dangdut","Bogor, Jawa Barat, Indonesia"
"Rangga Dewamoela","http://id.dbpedia.org/resource/Pop","http://id.dbpedia.org/resource/Belanda"
"Rangga Dewamoela","http://id.dbpedia.org/resource/Pop","http://id.dbpedia.org/resource/Voorburg"
"Sandro Tobing","pop","Indonesia"
"Widy Soediro Nichlany","http://id.dbpedia.org/resource/Pop","Jakarta, Indonesia"
"Silva R. Kavadia","http://id.dbpedia.org/resource/Pop","Palembang, Indonesia"
"Tiar Ramon","Melayu, Minang","Padang Pariaman, Hindia Belanda"
"Raisa","http://id.dbpedia.org/resource/Blues","Indonesia"
"Raisa","http://id.dbpedia.org/resource/Jazz","Indonesia"
"Raisa","http://id.dbpedia.org/resource/Soul","Indonesia"
"Mutya Lorenza","http://id.dbpedia.org/resource/Pop","Jakarta, Indonesia"
"Mutya Lorenza","http://id.dbpedia.org/resource/Akustik","Jakarta, Indonesia"
"Ronni Waluya","http://id.dbpedia.org/resource/Jazz","Indonesia"
"Ronni Waluya","http://id.dbpedia.org/resource/Musik_Pop","Indonesia"
"Diah Iskandar","http://id.dbpedia.org/resource/Pop","Jakarta, DKI Jakarta, Indonesia"
"Diah Iskandar","http://id.dbpedia.org/resource/Folk","Jakarta, DKI Jakarta, Indonesia"
"Helena Andrian","Pop","Jakarta, Indonesia"
"Dhisa","http://id.dbpedia.org/resource/Jazz","Denpasar, Bali, Indonesia"
"Dhisa","http://id.dbpedia.org/resource/Pop","Denpasar, Bali, Indonesia"
"Natly (7 Icons)","http://id.dbpedia.org/resource/Pop","Surabaya, Jawa Timur"
"Vani Lauw","http://id.dbpedia.org/resource/Pop","Surabaya, Jawa Timur"
"Annie Ibon","http://id.dbpedia.org/resource/Pop","Bandung, Jawa Barat, Indonesia"
"Annie Ibon","http://id.dbpedia.org/resource/Pop_Sunda","Bandung, Jawa Barat, Indonesia"
"Alam (penyanyi)","http://id.dbpedia.org/resource/Dangdut_metal","Tasikmalaya, Indonesia"
"Adhitia Sofyan","http://id.dbpedia.org/resource/Akustik","Bandung, Indonesia"
"A.Tee (7 Icons)","http://id.dbpedia.org/resource/Pop","Surabaya, Jawa Timur, Indonesia"
"A.Tee (7 Icons)","http://id.dbpedia.org/resource/Hip_hop","Surabaya, Jawa Timur, Indonesia"
"A.Tee (7 Icons)","http://id.dbpedia.org/resource/Dance_pop","Surabaya, Jawa Timur, Indonesia"
"Pj (7 Icons)","http://id.dbpedia.org/resource/Electropop","Surabaya, Jawa Timur, Indonesia."
"Pj (7 Icons)","http://id.dbpedia.org/resource/Pop","Surabaya, Jawa Timur, Indonesia."
"Pj (7 Icons)","http://id.dbpedia.org/resource/Electronica","Surabaya, Jawa Timur, Indonesia."
"Muhammad Reza Anugrah","http://id.dbpedia.org/resource/Rap","http://id.dbpedia.org/resource/Indonesia"
"Muhammad Reza Anugrah","http://id.dbpedia.org/resource/Rap","http://id.dbpedia.org/resource/Sulawesi_Tenggara"
"Muhammad Reza Anugrah","http://id.dbpedia.org/resource/Rap","http://id.dbpedia.org/resource/Kendari"
"Dicky Muhammad Prasetya","http://id.dbpedia.org/resource/Pop","bandung"
"Mezty (7 Icons)","http://id.dbpedia.org/resource/Pop","Kota Bandung, Jawa Barat, Indonesia"
"Gc (7 Icons)","http://id.dbpedia.org/resource/Pop","Kota Malang, Jawa Timur, Indonesia"
"Inarovi","http://id.dbpedia.org/resource/Pop","Surabaya, Indonesia"
"Sandy Thema","http://id.dbpedia.org/resource/Pop","Indonesia"
"Gamaliel Tapiheru","http://id.dbpedia.org/resource/R&B","Indonesia"
"Gamaliel Tapiheru","http://id.dbpedia.org/resource/Pop","Indonesia"
"Agnitya Nursriani Sigit","pop, disco, rock, broadway","Indonesia"
"Farah Di","Jazz","California, AS"
"Linzy (7 Icons)","http://id.dbpedia.org/resource/Pop","Singkawang, Kalimantan Barat, Indonesia"
"Mizta D","http://id.dbpedia.org/resource/Rap","Bandung, Jawa Barat, Indonesia"
"Mizta D","http://id.dbpedia.org/resource/Hip_hop","Bandung, Jawa Barat, Indonesia"
"Anggara Mulia","http://id.dbpedia.org/resource/Rap","Jakarta, Indonesia"
"Anggara Mulia","http://id.dbpedia.org/resource/Musik_Pop","Jakarta, Indonesia"
"Yuki Arifin Martawidjaja","Rock, Pop, Metal","Indonesia"
"Tantri Syalindri Ichlasari","Rock","Tangerang, Jawa Barat, Indonesia"
"Emmy Labib","http://id.dbpedia.org/resource/Pop","Banjarmasin, Kalimantan Selatan, Indonesia"
"Richie Setiawan","Rock","Tangerang, Jawa Barat, Indonesia"
"Antonius Nicky Riyant","http://id.dbpedia.org/resource/Pop","http://id.dbpedia.org/resource/Muntok"
"Iras Angga Akbar","http://id.dbpedia.org/resource/Pop","http://id.dbpedia.org/resource/Indonesia"
"Iras Angga Akbar","http://id.dbpedia.org/resource/Pop","http://id.dbpedia.org/resource/Jakarta"
"Budi Rusmana","http://id.dbpedia.org/resource/Rap","http://id.dbpedia.org/resource/Indonesia"
"Budi Rusmana","http://id.dbpedia.org/resource/Rap","http://id.dbpedia.org/resource/Jakarta"
"Budi Rusmana","http://id.dbpedia.org/resource/Pop","http://id.dbpedia.org/resource/Indonesia"
"Budi Rusmana","http://id.dbpedia.org/resource/Pop","http://id.dbpedia.org/resource/Jakarta"
"Budi Rusmana","http://id.dbpedia.org/resource/Hip_hop","http://id.dbpedia.org/resource/Indonesia"
"Budi Rusmana","http://id.dbpedia.org/resource/Hip_hop","http://id.dbpedia.org/resource/Jakarta"
"Agi Ginanjar","http://id.dbpedia.org/resource/Pop","http://id.dbpedia.org/resource/Baghdad"
"Charlie Chandra","http://id.dbpedia.org/resource/Pop","http://id.dbpedia.org/resource/Indonesia"
"Charlie Chandra","http://id.dbpedia.org/resource/Pop","http://id.dbpedia.org/resource/Jakarta"
"Muhammad Rizky","http://id.dbpedia.org/resource/Pop","http://id.dbpedia.org/resource/Indonesia"
"Muhammad Rizky","http://id.dbpedia.org/resource/Pop","http://id.dbpedia.org/resource/Jakarta"
"Hendra Bartholomeus","http://id.dbpedia.org/resource/Pop","http://id.dbpedia.org/resource/Indonesia"
"Hendra Bartholomeus","http://id.dbpedia.org/resource/Pop","http://id.dbpedia.org/resource/Jakarta"
"Bennedict Alwin Surya","http://id.dbpedia.org/resource/Pop","http://id.dbpedia.org/resource/Indonesia"
"Bennedict Alwin Surya","http://id.dbpedia.org/resource/Pop","http://id.dbpedia.org/resource/Jakarta"
"Indra Fachmi Bobby","http://id.dbpedia.org/resource/Pop","http://id.dbpedia.org/resource/Indonesia"
"Indra Fachmi Bobby","http://id.dbpedia.org/resource/Pop","http://id.dbpedia.org/resource/Jakarta"
"Drimi","http://id.dbpedia.org/resource/R&B","Jakarta, DKI Jakarta, Indonesia"
"Drimi","http://id.dbpedia.org/resource/Pop","Jakarta, DKI Jakarta, Indonesia"
"Peppi Kamadhatu","http://id.dbpedia.org/resource/Jazz","Indonesia"
"Peppi Kamadhatu","http://id.dbpedia.org/resource/Smooth_jazz","Indonesia"
"JFlow","http://id.dbpedia.org/resource/Hip-hop","Indonesia"
"JFlow","http://id.dbpedia.org/resource/Rap","Indonesia"
"Muhammad Hamzah (personil The Fly)","http://id.dbpedia.org/resource/Rock","Jakarta, Indonesia"
"Muhammad Hamzah (personil The Fly)","http://id.dbpedia.org/resource/Musik_Pop","Jakarta, Indonesia"
"Zaneta","http://id.dbpedia.org/resource/Pop","Jakarta, Indonesia"
"Non Dera Anggia Putri Prawitasari","http://id.dbpedia.org/resource/Hip-hop","Indonesia"
"Non Dera Anggia Putri Prawitasari","http://id.dbpedia.org/resource/Pop_rock","Indonesia"
"Non Dera Anggia Putri Prawitasari","http://id.dbpedia.org/resource/R&B","Indonesia"
"Non Dera Anggia Putri Prawitasari","http://id.dbpedia.org/resource/Electropop","Indonesia"
"Non Dera Anggia Putri Prawitasari","http://id.dbpedia.org/resource/Musik_soul","Indonesia"
"Non Dera Anggia Putri Prawitasari","http://id.dbpedia.org/resource/Pop","Indonesia"
"Non Dera Anggia Putri Prawitasari","http://id.dbpedia.org/resource/Dance","Indonesia"
"Non Dera Anggia Putri Prawitasari","http://id.dbpedia.org/resource/Indie","Indonesia"
"Lia Ladysta","http://id.dbpedia.org/resource/Dangdut","http://id.dbpedia.org/resource/Indonesia"
"Lia Ladysta","http://id.dbpedia.org/resource/Dangdut","http://id.dbpedia.org/resource/Lamongan,_Jawa_Timur"
"8 Ball","http://id.dbpedia.org/resource/Rap","Maluku"
"8 Ball","http://id.dbpedia.org/resource/Hip_hop","Maluku"
"8 Ball","http://id.dbpedia.org/resource/Trance","Maluku"
"Yes Hip Hop","http://id.dbpedia.org/resource/Rap","Singkawang"
"Yes Hip Hop","http://id.dbpedia.org/resource/Hip_hop","Singkawang"
"Wizzow","http://id.dbpedia.org/resource/Hip-hop","Jakarta, Indonesia"
"Wizzow","http://id.dbpedia.org/resource/Rap","Jakarta, Indonesia"
"Sanny Saofit Sunendar","Pop Progressive/Alternative","Jakarta, Jawa Barat"
"Luky Annash","http://id.dbpedia.org/resource/Alternative_Rock","Jakarta"
"Luky Annash","http://id.dbpedia.org/resource/Piano_Rock","Jakarta"
"Luky Annash","http://id.dbpedia.org/resource/Klasik","Jakarta"
"Adera","http://id.dbpedia.org/resource/Jazz","Jakarta, Indonesia"
"Adera","http://id.dbpedia.org/resource/Pop","Jakarta, Indonesia"
"Andania Suri","http://id.dbpedia.org/resource/Musik_dansa","http://id.dbpedia.org/resource/Indonesia"
"Andania Suri","http://id.dbpedia.org/resource/Musik_dansa","http://id.dbpedia.org/resource/Kota_Jakarta"
"Andania Suri","http://id.dbpedia.org/resource/R&B","http://id.dbpedia.org/resource/Indonesia"
"Andania Suri","http://id.dbpedia.org/resource/R&B","http://id.dbpedia.org/resource/Kota_Jakarta"
"Andania Suri","http://id.dbpedia.org/resource/Musik_soul","http://id.dbpedia.org/resource/Indonesia"
"Andania Suri","http://id.dbpedia.org/resource/Musik_soul","http://id.dbpedia.org/resource/Kota_Jakarta"
"Andania Suri","http://id.dbpedia.org/resource/Pop","http://id.dbpedia.org/resource/Indonesia"
"Andania Suri","http://id.dbpedia.org/resource/Pop","http://id.dbpedia.org/resource/Kota_Jakarta"
"Andania Suri","http://id.dbpedia.org/resource/Hip_hop","http://id.dbpedia.org/resource/Indonesia"
"Andania Suri","http://id.dbpedia.org/resource/Hip_hop","http://id.dbpedia.org/resource/Kota_Jakarta"
"Arin","http://id.dbpedia.org/resource/Pop","Manado, Sulawsi Utara, Indonesia"
"Vienna Fridiana","http://id.dbpedia.org/resource/Pop","Palembang, Sumatera Selatan, Indonesia"
"Cassanova Alfonso","http://id.dbpedia.org/resource/Jazz","Jakarta, DKI Jakarta, Indonesia"
"Cassanova Alfonso","http://id.dbpedia.org/resource/R&B","Jakarta, DKI Jakarta, Indonesia"
"Sam Saimun","Pop, Pop Melayu, Keroncong",", Indonesia"
"Aditya (penyanyi)","http://id.dbpedia.org/resource/Jazz","Jakarta, DKI Jakarta, Indonesia"
"Aditya (penyanyi)","http://id.dbpedia.org/resource/Pop","Jakarta, DKI Jakarta, Indonesia"
"Dea Mongkar","http://id.dbpedia.org/resource/Pop","Indonesia"
"Dea Mongkar","http://id.dbpedia.org/resource/Gospel","Indonesia"
"Sarasvati","http://id.dbpedia.org/resource/Pop","Bandung, Jawa Barat, Indonesia"
"Sarasvati","http://id.dbpedia.org/resource/Indie","Bandung, Jawa Barat, Indonesia"
"Sarasvati","http://id.dbpedia.org/resource/Alternatif","Bandung, Jawa Barat, Indonesia"
"Sarasvati","http://id.dbpedia.org/resource/Gothic","Bandung, Jawa Barat, Indonesia"
"Ayu Laksmi","http://id.dbpedia.org/resource/Pop","Singaraja, Buleleng, Bali, Indonesia"
"Ayu Laksmi","http://id.dbpedia.org/resource/Rock","Singaraja, Buleleng, Bali, Indonesia"
"Ayu Laksmi","http://id.dbpedia.org/resource/World_music","Singaraja, Buleleng, Bali, Indonesia"
"Ayu Laksmi","http://id.dbpedia.org/resource/Ethnic","Singaraja, Buleleng, Bali, Indonesia"
"Ria Amelia","http://id.dbpedia.org/resource/Dangdut","Bukittinggi, Sumatera Barat"
"Ria Amelia","http://id.dbpedia.org/resource/Pop","Bukittinggi, Sumatera Barat"
"Ria Amelia","http://id.dbpedia.org/resource/Folk","Bukittinggi, Sumatera Barat"
"Ria Amelia","http://id.dbpedia.org/resource/Slow_rock","Bukittinggi, Sumatera Barat"
"Ria Amelia","http://id.dbpedia.org/resource/Dangdut_house","Bukittinggi, Sumatera Barat"
"Wawa Marisa","http://id.dbpedia.org/resource/Dangdut","Jakarta, DKI Jakarta, Indonesia"
"Sisi","http://id.dbpedia.org/resource/Pop","Jakarta, DKI Jakarta, Indonesia"
"Sisi","http://id.dbpedia.org/resource/Gospel","Jakarta, DKI Jakarta, Indonesia"
"Iyeth Bustami","dangdut, pop melayu","Bengkalis, Riau, Indonesia"
"Herlin Widhaswara","http://id.dbpedia.org/resource/Disko","Bandung, Jawa Barat, Indonesia"
"Herlin Widhaswara","http://id.dbpedia.org/resource/Pop","Bandung, Jawa Barat, Indonesia"
"Matthew Sayersz","http://id.dbpedia.org/resource/Jazz","Bandung, Jawa Barat, Indonesia"
"Matthew Sayersz","http://id.dbpedia.org/resource/R&B","Bandung, Jawa Barat, Indonesia"
"Matthew Sayersz","http://id.dbpedia.org/resource/Pop","Bandung, Jawa Barat, Indonesia"
"Fali Wiilmer","http://id.dbpedia.org/resource/Pop","Jakarta, DKI Jakarta, Indonesia"
"Fali Wiilmer","http://id.dbpedia.org/resource/Teen_pop","Jakarta, DKI Jakarta, Indonesia"
"Lobow","http://id.dbpedia.org/resource/Pop","Makassar, Sulawesi Selatan, Indonesia"
"Lobow","http://id.dbpedia.org/resource/Folk","Makassar, Sulawesi Selatan, Indonesia"
"Guntur Simbolon","http://id.dbpedia.org/resource/R&B","Jakarta, DKI Jakarta,  Indonesia"
"Guntur Simbolon","http://id.dbpedia.org/resource/Pop","Jakarta, DKI Jakarta,  Indonesia"
"Guntur Simbolon","http://id.dbpedia.org/resource/Gospel","Jakarta, DKI Jakarta,  Indonesia"
"Imanez","http://id.dbpedia.org/resource/Reggae","Indonesia"
"Bayu Risa","http://id.dbpedia.org/resource/R&B","Depok, Jawa Barat, Indonesia"
"Bayu Risa","http://id.dbpedia.org/resource/Electropop","Depok, Jawa Barat, Indonesia"
"Bayu Risa","http://id.dbpedia.org/resource/Soul","Depok, Jawa Barat, Indonesia"
"Bayu Risa","http://id.dbpedia.org/resource/Dance","Depok, Jawa Barat, Indonesia"
"Bayu Risa","http://id.dbpedia.org/resource/Techno","Depok, Jawa Barat, Indonesia"
"Bayu Risa","http://id.dbpedia.org/resource/Motown","Depok, Jawa Barat, Indonesia"
"Bayu Risa","http://id.dbpedia.org/resource/House","Depok, Jawa Barat, Indonesia"
"Oik Cahya Ramadlani","http://id.dbpedia.org/resource/Musik_populer","Salatiga, Indonesia"
"Yohanna Nainggolan","http://id.dbpedia.org/resource/Indie_pop","Medan, Sumatera Utara, Indonesia"
"Yohanna Nainggolan","http://id.dbpedia.org/resource/Gospel","Medan, Sumatera Utara, Indonesia"
"Mian Tiara","http://id.dbpedia.org/resource/Indie_pop","Indonesia"
"Mian Tiara","http://id.dbpedia.org/resource/Jazz","Indonesia"
"Mian Tiara","http://id.dbpedia.org/resource/Folk","Indonesia"
"Darryl Wezy","http://id.dbpedia.org/resource/Alternative_Rock","Jakarta, DKI Jakarta, Indonesia"
"Darryl Wezy","http://id.dbpedia.org/resource/Indie_Pop","Jakarta, DKI Jakarta, Indonesia"
"Zarro","http://id.dbpedia.org/resource/Jazz","Palu, Sulawesi Tengah, Indonesia"
"Zarro","http://id.dbpedia.org/resource/R&B","Palu, Sulawesi Tengah, Indonesia"
"Zarro","http://id.dbpedia.org/resource/Pop","Palu, Sulawesi Tengah, Indonesia"
"Zarro","http://id.dbpedia.org/resource/Folk","Palu, Sulawesi Tengah, Indonesia"
"Iwan Abdie","http://id.dbpedia.org/resource/Jazz","Batu, Malang, Jawa Timur, Indonesia"
"Iwan Abdie","http://id.dbpedia.org/resource/Pop","Batu, Malang, Jawa Timur, Indonesia"
"Frau","http://id.dbpedia.org/resource/Indie_pop","Yogyakarta, Daerah Istimewa Yogyakarta, Indonesia"
"Frau","http://id.dbpedia.org/resource/Piano_pop","Yogyakarta, Daerah Istimewa Yogyakarta, Indonesia"
"T-Sha (7 Icons)","http://id.dbpedia.org/resource/Pop","Pekanbaru, Riau, Indonesia"
"Henny Purwonegoro","http://id.dbpedia.org/resource/Disko","Jakarta, DKI Jakarta, Indonesia"
"Henny Purwonegoro","http://id.dbpedia.org/resource/Pop","Jakarta, DKI Jakarta, Indonesia"
"Henny Purwonegoro","http://id.dbpedia.org/resource/Folk","Jakarta, DKI Jakarta, Indonesia"
"Elvyn G. Masassya","jazz, pop, pop religi, kontemporer dewasa, pop progresif, rock","Medan, Sumatera Utara, Indonesia"
"Ika Ratih Poespa","http://id.dbpedia.org/resource/Jazz","Indonesia"
"Kojek","hip hop, rap, folk rap","Jakarta, DKI Jakarta, Indonesia"
"Maharani Kahar","http://id.dbpedia.org/resource/Balada","Surabaya, Jawa Timur, Indonesia"
"Maharani Kahar","http://id.dbpedia.org/resource/Pop","Surabaya, Jawa Timur, Indonesia"
"Dessy Fitri","http://id.dbpedia.org/resource/Balada","Jakarta, DKI Jakarta, Indonesia"
"Dessy Fitri","http://id.dbpedia.org/resource/Pop","Jakarta, DKI Jakarta, Indonesia"
"Dessy Fitri","http://id.dbpedia.org/resource/Rock","Jakarta, DKI Jakarta, Indonesia"
"Dessy Fitri","http://id.dbpedia.org/resource/Gospel","Jakarta, DKI Jakarta, Indonesia"
"Elly Sunarya","http://id.dbpedia.org/resource/Country","Bandung, Jawa Barat, Indonesia"
"Elly Sunarya","http://id.dbpedia.org/resource/Pop","Bandung, Jawa Barat, Indonesia"
"Nani Sugianto","http://id.dbpedia.org/resource/Pop","Indonesia"
"Sierra Soetedjo","http://id.dbpedia.org/resource/Blues","Jakarta, DKI Jakarta, Indonesia"
"Sierra Soetedjo","http://id.dbpedia.org/resource/Jazz","Jakarta, DKI Jakarta, Indonesia"
"Sheila Dara Aisha","http://id.dbpedia.org/resource/Pop_rock","Bandung, Jawa Barat, Indonesia"
"Sheila Dara Aisha","http://id.dbpedia.org/resource/Pop","Bandung, Jawa Barat, Indonesia"
